{"data": [{"frame_index": 1, "skeleton": [{"pose": [0.444337, 0.189856, 0.514626, 0.262157, 0.422251, 0.262259, 0.28537, 0.292768, 0.163391, 0.301171, 0.603432, 0.259497, 0.72542, 0.264933, 0.840252, 0.281638, 0.455466, 0.482291, 0.437007, 0.646568, 0.425936, 0.78307, 0.559104, 0.48779, 0.570067, 0.646604, 0.588613, 0.785854, 0.437061, 0.184172, 0.459121, 0.184088, 0, 0, 0.514708, 0.186948], "score": [0.885002, 0.893143, 0.824777, 0.825614, 0.911159, 0.799961, 0.836767, 0.925179, 0.747405, 0.765791, 0.79698, 0.689176, 0.786019, 0.792203, 0.579442, 0.950628, 0, 0.96097]}]}, {"frame_index": 2, "skeleton": [{"pose": [0.44076, 0.189842, 0.514571, 0.259448, 0.422241, 0.2595, 0.285438, 0.292789, 0.166904, 0.30108, 0.603368, 0.259401, 0.72546, 0.262232, 0.84011, 0.279036, 0.455454, 0.482305, 0.436961, 0.64663, 0.425904, 0.783031, 0.559044, 0.487818, 0.566534, 0.646578, 0.588597, 0.785777, 0.436991, 0.184164, 0.459096, 0.18145, 0, 0, 0.514639, 0.186937], "score": [0.888787, 0.896796, 0.835544, 0.826344, 0.889547, 0.809384, 0.85667, 0.930024, 0.755525, 0.770356, 0.773687, 0.696845, 0.789039, 0.795284, 0.602374, 0.951989, 0, 0.954745]}]}, {"frame_index": 3, "skeleton": [{"pose": [0.440729, 0.189834, 0.514557, 0.262141, 0.422118, 0.262239, 0.288989, 0.295518, 0.163168, 0.298377, 0.603436, 0.259471, 0.725473, 0.262249, 0.840093, 0.279019, 0.455417, 0.482275, 0.437057, 0.646553, 0.425955, 0.780266, 0.55907, 0.485082, 0.570029, 0.646575, 0.588647, 0.785875, 0.437003, 0.184091, 0.459115, 0.184095, 0, 0, 0.514694, 0.186987], "score": [0.886645, 0.887385, 0.818557, 0.829353, 0.883369, 0.802495, 0.857454, 0.93533, 0.749846, 0.760919, 0.795987, 0.688007, 0.783052, 0.798644, 0.618256, 0.957436, 0, 0.955484]}]}, {"frame_index": 4, "skeleton": [{"pose": [0.44073, 0.189812, 0.514517, 0.259518, 0.422168, 0.264932, 0.285454, 0.295552, 0.163238, 0.298271, 0.603339, 0.259427, 0.725502, 0.262268, 0.840156, 0.278957, 0.455414, 0.485019, 0.437015, 0.646623, 0.42596, 0.780291, 0.559037, 0.48781, 0.570021, 0.646572, 0.588618, 0.785792, 0.437014, 0.184124, 0.459076, 0.181418, 0, 0, 0.514615, 0.186931], "score": [0.901303, 0.879551, 0.821238, 0.831063, 0.864562, 0.803758, 0.847015, 0.947209, 0.753041, 0.765918, 0.788492, 0.695501, 0.787837, 0.795243, 0.583576, 0.955565, 0, 0.942716]}]}], "label": "parallel", "label_index": 2}